"treat.para","test.temp","tot.n","died.n","surv.prop"
"np","35",52,26,0.5
"np","40",48,18,0.625
"np","42",35,11,0.685714285714286
"np","43",68,43,0.367647058823529
"np","44",34,21,0.382352941176471
"p","35",55,30,0.454545454545455
"p","40",48,16,0.666666666666667
"p","42",36,17,0.527777777777778
"p","43",72,50,0.305555555555556
"p","44",45,41,0.0888888888888889
